Workbook

Sheet file
A1: 7010452 | B1: 0108009 | C1: 0.05 | D1: =IFERROR(VLOOKUP(A1,depara!A:B,2,0),A1) -> 7010452 | E1: =VLOOKUP(B1,'inumos depara'!$A:$B,2,0) -> 16298556 | F1: =C1 -> 0.05 | G1: =D1&","&E1&","&F1 -> 7010452,16298556,0.05
A2: 7010452 | B2: 0226405 | C2: 0.003 | D2: =IFERROR(VLOOKUP(A2,depara!A:B,2,0),A2) -> 7010452 | E2: =VLOOKUP(B2,'inumos depara'!$A:$B,2,0) -> 16298557 | F2: =C2 -> 0.003 | G2: =D2&","&E2&","&F2 -> 7010452,16298557,0.003
A3: 7010452 | B3: 0226404 | C3: 0.0007 | D3: =IFERROR(VLOOKUP(A3,depara!A:B,2,0),A3) -> 7010452 | E3: =VLOOKUP(B3,'inumos depara'!$A:$B,2,0) -> 16298558 | F3: =C3 -> 0.0007 | G3: =D3&","&E3&","&F3 -> 7010452,16298558,0.0007
A4: 7010452 | B4: 0108077 | C4: 0.05 | D4: =IFERROR(VLOOKUP(A4,depara!A:B,2,0),A4) -> 7010452 | E4: =VLOOKUP(B4,'inumos depara'!$A:$B,2,0) -> 16298559 | F4: =C4 -> 0.05 | G4: =D4&","&E4&","&F4 -> 7010452,16298559,0.05
A5: 7010452 | B5: 0240703 | C5: 0.055 | D5: =IFERROR(VLOOKUP(A5,depara!A:B,2,0),A5) -> 7010452 | E5: =VLOOKUP(B5,'inumos depara'!$A:$B,2,0) -> 16298560 | F5: =C5 -> 0.055 | G5: =D5&","&E5&","&F5 -> 7010452,16298560,0.055
A6: 7010452 | B6: 1027108 | C6: 1 | D6: =IFERROR(VLOOKUP(A6,depara!A:B,2,0),A6) -> 7010452 | E6: =VLOOKUP(B6,'inumos depara'!$A:$B,2,0) -> 16298561 | F6: =C6 -> 1 | G6: =D6&","&E6&","&F6 -> 7010452,16298561,1
A7: 7010452 | B7: 0226402 | C7: 0.005 | D7: =IFERROR(VLOOKUP(A7,depara!A:B,2,0),A7) -> 7010452 | E7: =VLOOKUP(B7,'inumos depara'!$A:$B,2,0) -> 16298562 | F7: =C7 -> 0.005 | G7: =D7&","&E7&","&F7 -> 7010452,16298562,0.005
A8: 7010452 | B8: 0226401 | C8: 0.003 | D8: =IFERROR(VLOOKUP(A8,depara!A:B,2,0),A8) -> 7010452 | E8: =VLOOKUP(B8,'inumos depara'!$A:$B,2,0) -> 16298563 | F8: =C8 -> 0.003 | G8: =D8&","&E8&","&F8 -> 7010452,16298563,0.003
A9: 7010452 | B9: 0226400 | C9: 0.003 | D9: =IFERROR(VLOOKUP(A9,depara!A:B,2,0),A9) -> 7010452 | E9: =VLOOKUP(B9,'inumos depara'!$A:$B,2,0) -> 16298564 | F9: =C9 -> 0.003 | G9: =D9&","&E9&","&F9 -> 7010452,16298564,0.003
A10: 7010452 | B10: 0108060 | C10: 0.002 | D10: =IFERROR(VLOOKUP(A10,depara!A:B,2,0),A10) -> 7010452 | E10: =VLOOKUP(B10,'inumos depara'!$A:$B,2,0) -> 16298565 | F10: =C10 -> 0.002 | G10: =D10&","&E10&","&F10 -> 7010452,16298565,0.002
A11: 7010452 | B11: 0108051 | C11: 0.005 | D11: =IFERROR(VLOOKUP(A11,depara!A:B,2,0),A11) -> 7010452 | E11: =VLOOKUP(B11,'inumos depara'!$A:$B,2,0) -> 16298566 | F11: =C11 -> 0.005 | G11: =D11&","&E11&","&F11 -> 7010452,16298566,0.005
A12: 7010452 | B12: 0226409 | C12: 0.005 | D12: =IFERROR(VLOOKUP(A12,depara!A:B,2,0),A12) -> 7010452 | E12: =VLOOKUP(B12,'inumos depara'!$A:$B,2,0) -> 16298567 | F12: =C12 -> 0.005 | G12: =D12&","&E12&","&F12 -> 7010452,16298567,0.005
... A2246: P0003020 | B2246: P0000684 | C2246: 0.0437593984962406 | D2246: =IFERROR(VLOOKUP(A2246,depara!A:B,2,0),A2246) -> P0003020 | E2246: =VLOOKUP(B2246,'inumos depara'!$A:$B,2,0) -> 16298931 | F2246: =C2246 -> 0.0437593984962406 | G2246: =D2246&","&E2246&","&F2246 -> P0003020,16298931,0.0437593984962406

Sheet inumos depara
A1: 0108009 | B1: 16298556 | C1: desc
A2: 0226405 | B2: =+B1+1 -> 16298557 | C2: =VLOOKUP(A2,inusmos_desc!$A:$B,2,0) -> CARBOPOL 981
A3: 0226404 | B3: =+B2+1 -> 16298558 | C3: =VLOOKUP(A3,inusmos_desc!$A:$B,2,0) -> HIDRÓXIDO DE SÓDIO MERCK
A4: 0108077 | B4: =+B3+1 -> 16298559 | C4: =VLOOKUP(A4,inusmos_desc!$A:$B,2,0) -> GLICERINA PURA OLEON
A5: 0240703 | B5: =+B4+1 -> 16298560 | C5: =VLOOKUP(A5,inusmos_desc!$A:$B,2,0) -> PARAFINA LIQUIDA
A6: 1027108 | B6: =+B5+1 -> 16298561 | C6: =VLOOKUP(A6,inusmos_desc!$A:$B,2,0) -> INDUST. SKIN SEC LOÇÃO GRANEL
A7: 0226402 | B7: =+B6+1 -> 16298562 | C7: =VLOOKUP(A7,inusmos_desc!$A:$B,2,0) -> 2 PHENOXYETHANOL
A8: 0226401 | B8: =+B7+1 -> 16298563 | C8: =VLOOKUP(A8,inusmos_desc!$A:$B,2,0) -> NIPAGIN CLARIANT
A9: 0226400 | B9: =+B8+1 -> 16298564 | C9: =VLOOKUP(A9,inusmos_desc!$A:$B,2,0) -> NIPAZOL CLARIANT
A10: 0108060 | B10: =+B9+1 -> 16298565 | C10: =VLOOKUP(A10,inusmos_desc!$A:$B,2,0) -> PARF TRENDRESSE U293496
A11: 0108051 | B11: =+B10+1 -> 16298566 | C11: =VLOOKUP(A11,inusmos_desc!$A:$B,2,0) -> EXTRAIT FLUI BOURGEON PEUPLIER
A12: 0226409 | B12: =+B11+1 -> 16298567 | C12: =VLOOKUP(A12,inusmos_desc!$A:$B,2,0) -> ALPHA TOCOPHERYLE ACETATE Z
A13: 0226406 | B13: =+B12+1 -> 16298568 | C13: =VLOOKUP(A13,inusmos_desc!$A:$B,2,0) -> SQUALENO VEGETAL
... A659: P0002859 | B659: =+B658+1 -> 16299214 | C659: =VLOOKUP(A659,inusmos_desc!$A:$B,2,0) -> CARTUCHO EMULSÃO SOLAR TOQUE SECO FPS70 40G PF AV

Sheet depara
A1: Coluna4 | B1: Coluna5
A2: P0000556 | B2: 16598556
A3: P0000557 | B3: 16598557
A4: P0000563 | B4: 16598558
A5: P0000564 | B5: 16598559
A6: P0000565 | B6: 16598560
A7: P0000566 | B7: 16598561
A8: P0000568 | B8: 16598562
A9: P0001032 | B9: 16598563
A10: P0001033 | B10: 16598564
A11: P0001089 | B11: 16598565
A12: P0001091 | B12: 16598566
A13: P0001092 | B13: 16598567
... A113: P0002116 | B113: 16598667

Sheet inusmos_desc
A1: Component Item | B1: Component Name
A2: 0108009 | B2: HUILE COCO RAFFINEE
A3: 0226405 | B3: CARBOPOL 981
A4: 0226404 | B4: HIDRÓXIDO DE SÓDIO MERCK
A5: 0108077 | B5: GLICERINA PURA OLEON
A6: 0240703 | B6: PARAFINA LIQUIDA
A7: 1027108 | B7: INDUST. SKIN SEC LOÇÃO GRANEL
A8: 0226402 | B8: 2 PHENOXYETHANOL
A9: 0226401 | B9: NIPAGIN CLARIANT
A10: 0226400 | B10: NIPAZOL CLARIANT
A11: 0108060 | B11: PARF TRENDRESSE U293496
A12: 0108051 | B12: EXTRAIT FLUI BOURGEON PEUPLIER
... A2247: P0000684 | B2247: GRANEL AVENE TOQUE SECO FPS70
